id,chr,end,start,ATF3,BATF,BCL11A,BCL3,BCLAF1,BDP1,BHLHE40,BRCA1,BRF1,BRF2,CCNT2,CEBPB,CHD2,CTBP2,CTCF,CTCFL,DNase,E2F1,E2F4,E2F6,EBF1,EGR1,ELF1,ELK4,EP300,ERALPHAA,ESRRA,ETS1,Eralphaa,FAIRE,FAM48A,FOS,FOSL1,FOSL2,FOXA1,FOXA2,GABPA,GATA1,GATA2,GATA3,GTF2B,GTF2F1,GTF3C2,H2AFZ,H3K27ac,H3K27me3,H3K36me3,H3K4me1,H3K4me2,H3K4me3,H3K79me2,H3K9ac,H3K9me1,H3K9me3,H4K20me1,HDAC2,HDAC8,HEY1,HMGN3,HNF4A,HNF4G,HSF1,IRF1,IRF3,IRF4,JUN,JUNB,JUND,KAT2A,MAFF,MAFK,MAX,MEF2_complex,MEF2A,MXI1,MYC,NANOG,NFE2,NFKB1,NFYA,NFYB,NR2C2,NR3C1,NR4A1,NRF1,PAX5,PBX3,POLR2A,POLR2A_elongating,POLR3A,POU2F2,POU5F1,PPARGC1A,PRDM1,RAD21,RDBP,REST,RFX5,RXRA,SETDB1,SIN3A,SIRT6,SIX5,SLC22A2,SMARCA4,SMARCB1,SMARCC1,SMARCC2,SMC3,SP1,SP2,SPI1,SREBF1,SREBF2,SRF,STAT1,STAT2,STAT3,SUZ12,TAF1,TAF7,TAL1,TBP,TCF12,TCF7L2,TFAP2A,TFAP2C,THAP1,TRIM28,USF1,USF2,WRNIP1,XRCC4,YY1,ZBTB33,ZBTB7A,ZEB1,ZNF143,ZNF263,ZNF274,ZZZ3,pwm,cpg_island,avg_gerp,gerp,tss_dist,GC,WEAK_ENH,ENH,REP,TSS_FLANK,TRAN,TSS,CTCF_REG,dnase_fps,bound_motifs,UTR5,INTRON,STOP,UTR3,START,EXON,CDS,DONOR,ACCEPTOR,ss_dist,avg_het,avg_daf,in_cpg,seq_A,seq_C,seq_G,seq_T,repeat,cls
CR000229,chr16,56995236,56995235,0,0,0,0,0,0,0,0,0,0,0,0,0,0,0,0,3,0,0,0,0,0,0,0,0,0,0,0,0,0,0,0,0,0,0,0,0,0,0,0,0,0,0,0,2,2,0,7,3,1,0,0,0,0,0,0,0,0,0,0,0,0,0,0,0,0,0,0,0,0,0,0,0,0,0,0,0,0,0,0,0,0,0,0,0,0,0,0,0,0,0,0,0,0,0,0,0,0,0,0,0,0,0,0,0,0,0,0,0,0,0,0,0,0,0,0,0,0,0,0,0,0,0,0,0,0,1,0,0,0,0,0,0,0,0,0,0,0,0,0,0,0,0,-0.63189604,0.499,-525,0.455446,1,0,4,0,0,0,0,0,0,0,0,0,0,0,0,0,0,0,-773,0.001986531,0.0034618,0,0,1,0,0,0,1
CR000230,chr7,94953895,94953894,0,0,0,0,0,0,0,0,0,0,0,0,0,0,0,0,19,0,0,0,0,0,0,0,0,0,0,0,0,0,0,0,0,0,0,0,0,0,0,0,0,0,0,0,0,11,0,1,3,4,0,0,0,0,0,0,0,0,0,0,0,0,0,0,0,0,0,0,0,0,0,0,0,0,0,0,0,0,0,0,0,0,0,0,0,0,0,0,0,0,0,0,0,0,0,0,0,0,0,0,0,0,0,0,0,0,0,0,0,0,0,0,0,0,0,0,0,0,0,0,0,0,0,0,0,0,0,0,0,0,0,0,0,0,0,0,0,0,0,0,0,0,1,-2.296860396,-4.24,-106,0.772277,0,1,2,2,0,0,0,0,15,1,1,0,0,0,1,0,0,0,181,0.000988751,0.0006991,1,0,0,1,0,0,1
CR000231,chr7,94954619,94954618,0,0,0,0,0,0,0,0,0,0,0,0,0,0,0,0,0,0,0,0,0,0,0,0,0,0,0,0,0,0,0,0,0,0,0,0,0,0,0,0,0,0,0,0,0,11,0,0,1,0,0,0,0,0,0,0,0,0,0,0,0,0,0,0,0,0,0,0,0,0,0,0,0,0,0,0,0,0,0,0,0,0,0,0,0,0,0,0,0,0,0,0,0,0,0,0,0,0,0,0,0,0,0,0,0,0,0,0,0,0,0,0,0,0,0,0,0,0,0,0,0,0,0,0,0,0,0,0,0,0,0,0,0,0,0,0,0,0,0,0,0,0,0,-1.205782178,-4.01,-599,0.415842,0,0,6,0,0,0,0,0,0,0,1,0,0,0,0,0,0,0,905,0.001431172,0.0010569,0,0,0,0,1,1,1
CR000232,chr7,94954696,94954695,0,0,0,0,0,0,0,0,0,0,0,0,0,0,0,0,0,0,0,0,0,0,0,0,0,0,0,0,0,0,0,0,0,0,0,0,0,0,0,0,0,0,0,0,0,11,0,0,1,0,0,0,0,0,0,0,0,0,0,0,0,0,0,0,0,0,0,0,0,0,0,0,0,0,0,0,0,0,0,0,0,0,0,0,0,0,0,0,0,0,0,0,0,0,0,0,0,0,0,0,0,0,0,0,0,0,0,0,0,0,0,0,0,0,0,0,0,0,0,0,0,0,0,0,0,0,0,0,0,0,0,0,0,0,0,0,0,0,0,0,0,0,0,-0.888562376,0.764,-676,0.465347,0,0,6,0,0,0,0,0,0,0,1,0,0,0,0,0,0,0,982,0.001433968,0.0010583,0,0,1,0,0,0,1
CR000233,chr14,73602899,73602898,0,0,0,0,0,0,0,0,0,0,0,0,0,0,0,0,0,0,0,0,0,0,0,0,0,0,0,0,0,3,0,0,0,0,0,0,0,0,0,0,0,0,0,6,12,0,0,2,13,13,0,13,0,0,0,0,0,0,0,0,0,0,0,0,0,0,0,0,0,0,0,0,0,0,0,0,0,0,0,0,0,0,0,0,0,0,0,0,0,0,0,0,0,0,0,0,0,0,0,0,0,0,0,0,0,0,0,0,0,0,0,0,0,0,0,0,0,0,0,0,0,0,0,0,0,0,0,0,0,0,0,0,0,0,0,0,1,0,0,0,0,0,1,-0.483832277,0.935,-226,0.465347,0,0,0,0,0,3,0,2,0,0,0,0,0,0,0,0,0,0,-257,0.000227769,0.0001168,1,0,1,0,0,0,1
CR000234,chr14,73600361,73600360,0,0,0,0,0,0,0,0,0,0,0,0,0,0,0,0,1,0,0,0,0,0,0,0,0,0,0,0,0,0,0,0,0,0,0,0,0,0,0,0,0,0,0,0,0,0,0,0,0,0,0,0,0,1,0,0,0,0,0,0,0,0,0,0,0,0,0,0,0,0,0,0,0,0,0,0,0,0,0,0,0,0,0,0,0,0,0,0,0,0,0,0,0,0,0,0,0,0,0,0,0,0,0,0,0,0,0,0,0,0,0,0,0,0,0,0,0,0,0,0,0,0,0,0,0,0,0,0,0,0,0,0,0,0,0,0,0,0,0,0,0,0,0,0,0,-2764,0.554455,0,0,4,0,2,0,0,0,0,0,0,0,0,0,0,0,0,0,-2795,0.00024793,0.0070037,0,1,0,0,0,1,1
CR000235,chr12,121416510,121416509,0,0,0,0,0,0,0,0,0,0,0,0,0,0,0,0,5,0,0,0,0,0,0,0,0,0,0,0,0,0,0,0,0,0,0,0,0,0,0,0,0,0,0,0,1,1,1,1,1,2,1,1,0,0,0,0,0,0,0,0,0,0,0,0,0,0,0,0,0,0,0,0,0,0,0,0,0,0,0,0,0,0,0,0,0,0,0,3,0,0,0,0,0,0,0,0,0,0,0,0,0,0,0,0,0,0,0,0,0,0,0,0,0,0,0,0,0,0,0,1,0,0,0,0,0,0,0,0,0,0,0,0,0,0,0,0,0,0,0,0,0,1,1,0.016849505,-0.211,11,0.70297,0,0,3,0,0,1,0,0,1,1,1,0,0,0,1,1,0,0,-3,0.001433537,0.0010716,1,0,1,0,0,0,1
CR000236,chr12,121416475,121416474,0,0,0,0,0,0,1,0,0,0,0,0,0,0,0,0,4,0,0,0,0,0,0,0,0,0,0,0,0,0,0,0,0,0,0,0,0,0,0,0,0,0,0,0,1,1,1,1,1,2,1,1,0,0,0,0,0,1,0,0,0,0,0,0,0,0,0,0,0,0,0,0,0,0,0,0,0,0,0,0,0,0,1,0,0,0,0,2,0,0,0,0,0,0,0,0,0,0,0,0,0,0,0,0,0,0,0,0,0,0,0,0,0,0,0,0,0,0,0,1,0,0,0,0,0,0,0,0,0,0,0,0,0,0,0,0,0,0,0,0,0,0,0,0.610159406,-4.62,20,0.663366,0,0,3,0,0,1,0,1,0,1,1,0,0,0,1,1,0,0,-20,0.001005737,0.0007616,0,0,0,0,1,0,1
CR000237,chr12,121416453,121416452,0,0,0,0,0,0,1,0,0,0,0,0,0,0,0,0,2,0,0,0,0,0,0,0,0,0,0,0,0,0,0,0,0,0,2,1,0,0,0,0,0,0,0,0,1,1,1,1,1,2,1,1,0,0,0,0,0,1,0,0,0,0,0,0,0,0,0,0,0,0,0,0,0,0,0,0,0,0,0,0,0,0,1,0,0,0,0,1,0,0,0,0,0,0,1,0,0,0,0,0,0,0,0,0,0,0,0,0,0,0,0,0,0,0,0,0,0,0,0,1,0,0,0,0,0,0,0,0,0,0,0,0,0,0,0,0,0,0,0,0,0,0,0,1.174993069,2.89,0,0.653465,0,0,3,0,0,1,0,1,4,1,1,0,0,0,1,1,0,0,-42,0.001005737,0.0007616,0,0,0,1,0,0,1
CR000238,chr12,121416385,121416384,0,0,0,0,0,0,1,0,0,0,0,0,0,0,0,0,2,0,0,0,0,0,0,0,1,0,0,0,0,1,0,0,0,1,2,1,0,0,0,0,0,0,0,0,1,1,1,1,1,2,1,1,0,0,0,1,0,1,0,1,1,0,0,0,0,0,0,1,0,0,0,0,0,0,0,0,0,0,0,0,0,0,2,0,0,0,0,0,0,0,0,0,0,0,1,0,0,0,1,0,1,0,0,0,0,0,0,0,0,1,0,0,0,0,0,0,0,0,0,0,0,0,1,0,0,0,0,0,0,0,0,0,0,0,0,0,0,0,0,0,0,0,0,3.048445545,3.47,13,0.633663,0,0,4,0,0,1,0,1,0,1,1,0,0,0,1,0,0,0,-110,0.000985937,0.0007516,1,0,1,0,0,0,1
CR000239,chr12,121416354,121416353,0,0,0,0,0,0,1,0,0,0,0,0,0,0,0,0,5,0,0,0,0,0,0,0,2,0,0,0,0,1,0,0,0,1,2,1,0,0,0,0,0,0,0,0,1,1,1,1,1,2,1,1,0,0,0,1,0,1,0,1,1,0,0,0,0,0,0,1,0,0,0,0,0,0,0,0,0,0,0,0,0,0,2,0,0,0,0,0,0,0,0,0,0,0,1,0,0,0,1,0,1,0,0,0,0,0,0,0,0,1,0,0,0,0,0,0,0,0,0,0,0,0,1,0,0,0,0,0,0,0,0,0,0,0,0,0,0,0,0,0,0,1,0,3.523732673,4.48,7,0.554455,0,0,4,0,0,1,0,1,3,1,1,0,0,0,1,0,0,0,-141,0.000947736,0.0007321,0,0,0,0,1,0,1
CR000594,chr2,113594387,113594386,0,0,0,0,0,0,0,0,0,0,0,3,0,0,0,0,35,0,0,1,0,0,0,0,0,0,0,0,0,5,0,0,0,0,0,0,0,0,0,0,0,0,0,1,2,1,0,5,6,15,0,2,0,0,0,0,0,0,0,0,0,0,0,0,0,0,0,0,0,0,0,1,0,0,0,0,0,0,0,0,0,0,0,0,0,0,0,4,0,0,0,0,0,0,0,0,0,0,0,0,0,0,0,0,0,0,0,0,0,0,0,3,0,0,0,0,0,0,0,0,0,0,0,0,0,0,0,0,0,0,0,0,0,0,0,0,0,0,0,0,0,0,0,0.75179,-1.79,5,0.445545,1,0,2,0,0,1,0,17,0,1,0,0,0,0,1,0,0,0,102,0.001015369,0.001059,0,0,0,1,0,0,1
CR001469,chr5,147211193,147211192,0,0,0,0,0,0,0,0,0,0,0,0,0,0,1,0,2,0,0,0,0,0,0,0,0,0,0,0,0,0,0,0,0,0,0,0,0,0,0,0,0,0,0,0,0,1,0,0,0,1,0,0,0,0,0,0,0,0,0,0,0,0,0,0,0,0,0,0,0,0,0,0,0,0,0,0,0,0,0,0,0,0,0,0,0,0,0,0,0,0,0,0,0,0,0,0,0,0,0,0,0,0,0,0,0,0,0,0,0,0,0,0,0,0,0,0,0,0,0,0,0,0,0,0,0,0,0,0,0,0,0,0,0,0,0,0,0,0,0,0,0,0,0,0.319735644,2.87,4,0.534653,0,0,5,0,0,0,1,0,0,1,0,0,0,0,1,0,0,0,107,0.000433983,0.0002367,1,0,0,1,0,0,1
CR001857,chr14,55369403,55369402,0,0,0,0,0,0,0,0,0,0,0,0,0,0,0,0,4,0,0,0,0,0,0,0,0,0,0,0,0,3,0,0,0,0,0,0,0,0,0,0,0,1,0,6,7,1,0,5,13,12,2,12,0,0,0,0,0,2,0,0,0,0,0,0,0,0,0,0,0,0,0,0,0,0,0,0,0,0,0,0,0,0,0,0,0,0,0,42,1,0,2,0,0,0,0,0,1,0,0,0,1,0,0,2,0,0,0,0,0,0,0,0,0,0,0,0,0,0,0,2,0,0,1,0,0,0,0,0,0,0,0,0,0,0,0,0,0,0,0,0,0,0,1,0.385915842,-8.41,121,0.742574,0,0,0,0,0,6,0,1,0,1,0,0,0,0,1,0,0,0,364,0.000435164,0.0011882,1,0,0,1,0,0,1
CR001858,chrX,70442845,70442844,0,0,0,0,0,0,0,0,0,0,0,0,0,0,0,0,2,0,0,0,0,0,0,0,0,0,0,0,0,0,0,0,0,0,0,0,0,0,0,0,0,0,0,0,1,2,0,0,1,0,0,0,0,0,0,0,0,0,0,0,0,0,0,0,0,0,0,0,0,0,0,0,0,0,0,0,0,0,0,0,0,0,0,0,0,0,0,0,0,0,0,0,0,0,0,0,0,0,0,0,0,0,0,0,0,0,0,0,0,0,0,0,0,0,0,0,0,0,0,0,0,0,0,0,0,0,0,0,0,0,0,0,0,0,0,0,0,0,0,0,0,0,0,1.882058119,-3.78,-210,0.673267,0,0,4,0,1,0,0,0,6,0,1,0,0,0,0,0,0,0,226,0.000534588,0.0017324,1,0,0,1,0,0,1
CR001859,chr2,128175984,128175983,0,0,0,0,0,0,0,0,0,0,0,0,0,0,0,0,6,0,0,0,0,0,0,0,2,0,0,0,0,2,0,0,0,0,2,1,0,0,0,0,0,0,0,1,1,3,0,0,1,1,1,1,0,0,0,1,0,1,0,1,0,0,0,0,0,0,0,1,0,0,0,0,0,0,0,0,0,0,0,0,0,0,3,0,0,0,0,2,0,0,0,0,0,0,0,0,0,0,1,0,0,0,0,0,0,0,0,0,0,1,0,0,0,0,0,0,0,0,0,0,0,0,1,0,0,0,0,0,0,0,0,0,0,0,0,0,0,0,0,0,0,1,0,1.889663366,5.17,-18,0.524752,0,0,4,0,0,1,0,0,1,0,0,0,0,0,0,0,0,0,-84,0.002291328,0.0018901,0,1,0,0,0,0,1
CR001860,chr3,93692597,93692596,0,0,0,0,0,0,0,0,0,0,0,0,0,0,2,1,2,3,0,0,0,0,0,0,0,0,0,1,0,4,0,0,0,0,0,0,0,0,0,0,0,0,0,6,10,4,0,5,13,23,1,14,0,0,0,0,0,1,1,0,0,0,0,0,0,0,0,0,0,0,0,0,0,0,0,0,0,0,0,0,0,0,0,0,0,0,0,12,0,0,0,0,0,0,0,0,1,0,0,0,0,0,0,0,0,0,0,0,0,0,0,0,0,0,0,0,0,0,0,3,0,0,0,0,0,0,0,0,0,0,0,0,0,0,0,1,0,0,0,0,0,0,1,0.610792079,-0.641,108,0.772277,0,1,0,0,0,5,0,0,0,1,0,0,0,0,1,0,0,0,79,4.68E-05,2.35E-05,1,0,0,1,0,0,1
CR002153,chr4,26492175,26492174,0,0,0,0,0,0,0,0,0,0,0,0,0,0,0,0,0,0,0,0,0,0,0,0,0,0,0,0,0,0,0,0,0,0,0,0,0,0,0,0,0,0,0,1,0,10,0,0,1,0,0,0,0,0,0,0,0,0,0,0,0,0,0,0,0,0,0,0,0,0,0,0,0,0,0,0,0,0,0,0,0,0,0,0,0,0,0,0,0,0,0,0,0,0,0,0,0,0,0,0,0,0,0,0,0,0,0,0,0,0,0,0,0,0,0,0,0,0,0,0,0,0,0,0,0,0,0,0,0,0,0,0,0,0,0,0,0,0,0,0,0,0,0,1.494870297,-10.4,-90,0.643564,0,0,6,0,0,0,0,0,0,0,0,0,0,0,0,0,0,0,397,0.000919906,0.0019835,0,0,0,0,1,0,1
CR002154,chr15,58723939,58723938,0,0,0,0,0,0,0,0,0,0,0,0,0,0,0,0,0,0,0,0,0,0,0,0,0,0,0,0,0,1,0,0,0,0,0,0,0,0,0,0,0,0,0,1,1,1,0,3,2,4,0,1,0,0,0,0,0,0,0,0,0,0,0,0,0,0,0,0,0,0,0,0,0,0,0,0,0,0,0,0,0,0,0,0,0,0,0,0,0,0,0,0,0,0,0,0,0,0,1,0,0,0,0,0,0,0,0,0,0,0,0,0,0,0,0,0,0,0,0,0,0,0,0,0,0,0,0,0,0,1,0,0,0,0,0,0,0,0,0,0,0,0,0,0.839893069,2.77,-57,0.405941,0,0,4,0,0,0,0,0,0,0,1,0,0,0,0,0,0,0,-250,0.001930886,0.0019045,0,0,0,1,0,0,1
CR002475,chr3,48632780,48632779,0,0,0,0,0,0,0,0,0,0,0,0,0,0,0,0,38,0,0,0,0,0,0,0,0,0,0,0,0,2,0,0,0,0,0,0,0,0,0,0,0,0,0,2,6,5,0,11,11,22,0,7,0,0,1,0,0,0,0,0,0,0,0,0,0,0,0,0,0,0,0,0,0,0,0,0,0,0,0,0,0,0,0,0,0,0,0,2,1,0,0,0,0,0,0,0,0,0,0,0,0,0,0,0,0,0,0,0,0,0,0,0,0,0,0,0,0,0,0,3,0,0,1,0,0,0,0,0,0,0,0,0,0,0,0,0,0,0,0,0,0,0,1,1.135590099,3.65,-79,0.673267,0,1,0,0,0,2,0,3,9,0,0,0,0,0,0,0,0,0,272,0.000101396,5.14E-05,0,0,0,1,0,0,1
CR002894,chr13,113760126,113760125,0,0,0,0,0,0,0,0,0,0,0,2,1,0,0,0,24,0,0,0,0,0,0,0,2,0,0,0,0,2,0,0,0,1,3,1,0,0,0,0,0,0,0,0,1,2,0,2,1,3,0,1,0,0,0,1,0,1,0,2,1,0,0,0,0,0,0,1,0,0,0,0,0,0,0,0,0,0,0,0,0,0,0,0,0,0,0,2,0,0,0,0,0,0,1,0,0,0,1,0,1,0,0,0,0,0,0,0,0,1,0,0,0,0,1,0,0,0,0,1,0,0,1,1,0,0,0,0,0,0,0,0,0,0,0,0,0,0,0,0,0,0,0,-0.612270594,2.82,4,0.584158,1,0,2,0,0,1,0,0,1,1,0,0,0,0,1,1,0,0,-93,0.001688573,0.0024265,0,1,0,0,0,0,1
CR003081,chr13,113760101,113760100,0,0,0,0,0,0,0,0,0,0,0,2,1,0,0,0,25,0,0,0,0,0,0,0,2,0,0,0,0,2,0,0,0,1,3,1,0,0,0,0,0,0,0,0,1,2,0,2,1,3,0,1,0,0,0,1,0,1,0,2,1,0,0,0,0,0,0,1,0,0,0,0,0,0,0,0,0,0,0,0,0,0,0,0,0,0,0,2,0,0,0,0,0,0,1,0,0,0,1,0,1,0,0,0,0,0,0,0,0,1,0,0,0,0,1,0,0,0,0,1,0,0,1,1,0,0,0,0,0,0,0,0,0,0,0,0,0,0,0,0,0,1,0,-0.343436733,2.82,-3,0.594059,1,0,2,0,0,1,0,1,1,0,0,0,0,0,0,0,0,0,-118,0.001688573,0.0024265,1,0,1,0,0,0,1
CR003345,chr9,21974840,21974839,0,0,0,0,0,0,0,0,0,0,0,0,0,1,0,0,48,0,0,0,0,0,0,1,0,0,0,0,0,2,0,0,0,0,0,0,0,0,0,0,0,0,0,5,4,14,0,2,11,29,3,7,0,0,0,0,0,0,0,0,0,0,0,0,0,0,0,0,0,0,0,0,0,0,0,0,0,0,0,0,0,0,0,0,0,0,0,5,0,0,0,0,0,0,0,0,0,0,0,0,0,0,0,0,0,1,0,0,0,0,0,0,0,0,0,0,0,0,0,0,0,0,0,0,0,0,0,0,0,0,0,0,0,0,0,0,0,0,0,0,0,0,1,-1.594845,1.37,-13,0.782178,0,2,1,0,0,3,0,7,0,1,1,0,0,0,1,0,0,0,163,0.000716481,0.0016068,1,0,0,1,0,0,1
CR003496,chr19,49468616,49468615,0,0,0,1,1,0,0,0,0,0,0,0,0,0,1,0,1,0,0,0,0,0,1,0,0,0,0,0,0,12,0,0,0,1,0,0,0,0,0,0,1,2,0,1,14,1,7,3,13,22,5,14,0,0,5,0,0,2,1,0,0,0,0,0,0,0,0,1,0,0,0,0,0,0,1,2,0,0,2,0,0,1,0,0,0,2,0,52,1,0,2,0,0,0,0,1,3,0,0,0,3,0,0,2,0,0,0,0,0,2,0,0,0,0,0,0,0,0,0,9,1,0,4,2,1,0,0,0,0,0,0,0,0,2,0,0,0,0,0,0,0,0,1,1.215594059,5.54,49,0.613861,0,0,0,0,0,6,0,6,0,1,0,0,0,0,1,0,0,0,-250,0.00058998,0.0005466,1,0,0,1,0,0,1
CR003498,chr19,51357920,51357919,0,0,0,0,0,0,0,0,0,0,0,0,0,0,0,0,3,0,0,0,0,0,0,0,0,0,0,0,0,0,0,0,0,0,0,0,0,0,0,0,0,0,0,0,0,4,0,0,0,0,0,0,0,0,0,0,0,0,0,0,0,0,0,0,0,0,0,0,0,0,0,0,0,0,0,0,0,0,0,0,0,0,0,0,0,0,0,0,0,0,0,0,0,0,0,0,0,0,0,0,0,0,0,0,0,0,0,0,0,0,0,0,0,0,0,0,0,0,0,0,0,0,0,0,0,0,0,0,0,0,0,0,0,0,0,0,0,0,0,0,0,0,0,-1.279621782,1.89,-250,0.544554,0,0,6,0,0,0,0,0,0,0,0,0,0,0,0,0,0,0,-337,0.002607589,0.0030551,1,0,0,1,0,0,1
CR003707,chr17,34207780,34207779,0,0,0,0,0,0,0,0,0,0,0,0,0,0,0,0,2,0,0,0,0,0,0,0,0,0,0,0,0,0,0,0,0,0,0,0,0,0,1,0,0,0,0,2,2,0,0,4,3,4,0,1,0,0,0,0,0,0,0,0,0,0,0,0,0,0,0,0,0,0,0,0,0,0,0,0,0,0,0,0,0,0,0,0,0,0,0,0,0,0,0,0,0,0,0,0,0,0,0,0,0,0,0,0,0,0,0,0,0,0,0,0,0,0,0,0,0,0,0,0,0,0,0,0,0,0,0,0,0,0,0,0,0,0,0,0,0,0,0,0,0,0,0,-0.079082168,-1.75,16,0.366337,0,1,2,0,0,1,0,0,0,1,1,0,0,0,1,0,0,0,47,0.000573354,0.0008075,0,0,1,0,0,0,1
CR003842,chr1,206946407,206946406,0,0,0,0,0,0,0,0,0,0,0,0,0,0,0,0,0,0,0,0,0,0,0,0,0,0,0,0,0,1,0,0,0,0,0,0,0,0,0,0,0,0,0,1,1,12,0,1,1,2,1,1,0,0,0,0,0,0,0,0,0,0,0,0,0,0,0,0,0,0,0,0,0,0,0,0,0,0,0,0,0,0,0,0,0,0,0,0,0,0,0,0,0,0,0,0,0,0,0,0,0,0,0,0,0,0,0,0,0,0,0,1,0,0,0,0,0,0,0,0,0,0,0,0,0,0,0,0,0,0,0,0,0,0,0,0,0,0,0,0,0,0,0,-1.490550495,2.13,-567,0.514852,0,0,5,0,0,0,0,0,0,0,0,0,0,0,0,0,0,0,791,0.001471994,0.0011628,0,0,0,0,1,0,1
CR004160,chr8,42072438,42072437,0,0,0,0,0,0,0,0,0,0,1,0,0,0,0,0,6,0,0,0,0,0,0,0,1,0,0,0,0,4,0,0,0,0,0,0,0,0,0,0,0,0,0,4,6,0,0,8,8,22,0,6,0,0,0,1,0,0,0,0,0,0,0,0,0,1,0,1,0,0,0,0,0,0,0,2,0,0,0,0,0,0,0,0,0,0,0,4,0,0,0,0,0,0,0,0,1,0,0,0,0,0,0,0,0,0,0,0,0,1,0,0,0,0,0,0,0,0,0,0,0,0,0,0,0,0,0,0,0,0,0,0,0,0,0,1,0,0,0,0,0,0,0,-1.192038614,-1.74,-7195,0.623762,0,2,2,0,0,1,0,6,0,0,0,0,0,0,0,0,0,0,7426,0.000452727,0.0003049,0,1,0,0,0,0,1
CR004298,chr2,128176047,128176046,0,0,0,0,0,0,0,0,0,0,0,0,0,0,0,0,4,0,0,0,0,0,0,0,1,0,0,0,0,2,0,0,0,0,2,1,0,0,0,0,0,0,0,1,1,3,0,0,1,1,1,1,0,0,0,0,0,1,0,1,0,0,0,0,0,0,0,1,0,0,0,0,0,0,0,0,0,0,0,0,0,0,0,0,0,0,0,2,0,0,0,0,0,0,0,0,0,0,1,0,0,0,0,0,0,0,0,0,0,1,0,0,0,0,0,0,0,0,0,0,0,0,1,0,0,0,0,0,0,0,0,0,0,0,0,0,0,0,0,0,0,0,0,1.119105941,-10.8,31,0.60396,0,0,3,0,0,1,1,1,0,1,0,0,0,0,1,1,0,0,-21,0.002291328,0.0018901,0,1,0,0,0,0,1
CR004299,chr2,128176058,128176057,0,0,0,0,0,0,0,0,0,0,0,0,0,0,0,0,4,0,0,0,0,0,0,0,1,0,0,0,0,2,0,0,0,0,1,1,0,0,0,0,0,0,0,1,1,3,0,0,1,1,1,1,0,0,0,0,0,1,0,0,0,0,0,0,0,0,0,1,0,0,0,0,0,0,0,0,0,0,0,0,0,0,0,0,0,0,0,2,0,0,0,0,0,0,0,0,0,0,1,0,0,0,0,0,0,0,0,0,0,1,0,0,0,0,0,0,0,0,0,0,0,0,1,0,0,0,0,0,0,0,0,0,0,0,0,0,0,0,0,0,0,0,0,0.769582277,2.27,42,0.643564,0,0,3,0,0,1,1,0,0,1,0,0,0,0,1,1,0,0,-10,0.002291328,0.0018901,1,0,0,1,0,0,1
CR004378,chr8,63998581,63998580,0,0,0,0,0,0,0,0,0,0,0,0,0,0,0,0,25,2,0,0,0,0,0,0,0,0,0,0,0,1,0,0,0,0,0,0,1,0,0,0,0,0,0,3,0,11,0,4,11,40,0,3,0,0,0,0,0,0,0,0,0,0,0,0,0,0,0,0,0,0,0,0,0,0,0,0,0,0,0,0,0,0,0,0,0,0,0,3,0,0,0,0,0,0,0,0,0,0,0,0,0,0,0,0,0,0,0,0,0,0,0,0,0,0,0,0,0,0,0,0,0,0,1,0,0,0,0,0,0,0,0,0,0,0,0,0,0,0,0,0,0,0,1,0.153458416,4.11,26,0.772277,0,2,3,0,0,1,0,2,0,1,0,0,0,0,1,0,0,0,204,0.000357988,0.0001832,0,0,0,1,0,0,1
CR004531,chr14,96671139,96671138,0,0,0,0,0,0,0,0,0,0,0,1,0,0,0,0,104,0,1,0,0,0,0,0,0,0,0,0,0,8,0,0,0,0,0,0,0,0,0,0,0,0,0,3,6,5,0,9,11,30,1,7,0,0,0,0,0,0,0,0,0,0,0,0,0,1,0,3,0,0,0,0,0,0,0,0,0,0,0,0,0,0,0,0,0,0,0,2,0,0,0,0,0,0,0,0,0,0,0,0,0,0,0,0,0,0,0,0,0,0,0,0,0,0,0,0,0,0,0,0,0,0,0,0,1,1,1,0,0,0,0,0,0,0,0,0,0,0,0,0,0,0,0,1.319079208,2.2,3,0.633663,0,3,1,0,0,1,0,30,1,1,0,0,0,0,1,0,0,0,-157,0.00124097,0.0023956,0,0,1,0,0,0,1
CR004532,chr16,68771034,68771033,0,0,0,0,0,0,0,0,0,0,0,0,0,0,0,0,10,0,0,0,0,0,0,0,0,0,0,0,0,0,0,0,0,0,0,0,0,0,0,0,0,0,0,1,3,11,0,1,6,10,0,5,0,0,0,0,0,0,0,0,0,0,0,0,0,0,0,0,0,0,0,0,0,0,0,0,0,0,0,0,0,0,0,0,0,0,0,0,0,0,0,0,0,0,0,0,0,0,0,0,0,0,0,0,0,0,0,0,0,1,0,0,0,0,0,0,0,0,0,0,0,0,0,0,0,0,0,0,0,2,1,0,0,0,0,0,1,0,0,0,0,0,0,-1.815759406,1.58,-93,0.683168,0,2,2,0,0,1,0,1,0,0,0,0,0,0,0,0,0,0,-332,0.001241977,0.0007355,0,0,1,0,0,0,1
CR004534,chr1,171621904,171621903,0,0,0,0,0,0,0,0,0,0,0,0,0,0,0,0,0,0,0,0,0,0,0,0,0,0,0,0,0,0,0,0,0,0,0,0,0,0,0,0,0,0,0,0,0,3,0,2,0,0,0,1,0,0,0,0,0,0,0,0,0,0,0,0,0,0,0,0,0,0,0,0,0,0,0,0,0,0,0,0,0,0,0,0,0,0,0,0,0,0,0,0,0,0,0,0,0,0,0,0,0,0,0,0,0,0,0,0,0,0,0,0,0,0,0,0,0,0,0,0,0,0,0,0,0,0,0,0,0,1,0,0,0,0,0,0,0,0,0,0,0,0,0,1.136368317,2.35,-46,0.633663,0,0,6,0,0,0,0,0,3,0,0,0,0,0,0,0,0,0,756,0.001334548,0.0008907,0,1,0,0,0,0,1
CR004576,chr11,5248294,5248293,0,0,0,0,0,0,0,0,0,0,0,0,0,0,0,0,0,0,0,0,0,0,0,0,0,0,0,0,0,1,0,0,0,0,0,0,0,1,0,0,0,0,0,1,0,0,0,1,0,0,0,0,0,0,0,0,0,0,0,0,0,0,0,0,0,0,0,0,0,0,0,0,0,0,0,0,0,0,0,0,0,0,0,0,0,0,0,5,0,0,0,0,0,0,0,0,0,0,0,0,0,0,0,0,0,0,0,0,0,0,0,0,0,0,0,0,0,0,0,0,0,0,0,0,0,0,0,0,0,0,0,0,0,0,0,0,0,0,0,0,0,0,0,1.958178218,5.13,7,0.485149,0,0,5,0,0,0,0,0,0,1,1,0,0,0,1,0,0,0,22,0.001271361,0.0016402,0,0,0,1,0,0,1
CR004620,chr6,43752536,43752535,0,0,0,0,0,0,0,0,0,0,0,0,0,0,0,0,1,0,0,0,0,0,0,0,0,0,0,0,0,0,0,0,0,0,0,0,0,0,0,0,0,0,0,0,0,0,25,0,0,0,0,1,0,0,4,0,0,0,0,0,0,0,0,0,0,0,0,0,0,0,0,0,0,0,0,0,0,0,0,0,0,0,0,0,0,0,0,0,0,0,0,0,0,0,0,0,0,0,0,0,0,0,0,0,0,0,0,0,0,0,0,0,0,0,0,0,0,0,0,0,0,0,0,0,0,0,0,0,0,0,0,0,0,0,0,0,0,0,0,0,0,0,0,3.970811881,2.14,6626,0.564356,0,0,0,0,6,0,0,0,0,0,0,0,1,0,1,0,0,0,192,0.00031752,0.0001815,1,0,1,0,0,0,1
CR004740,chr5,174870150,174870149,0,0,0,0,0,0,0,0,0,0,0,0,0,0,0,0,8,0,0,0,0,0,0,0,0,0,0,0,0,0,0,0,0,0,0,0,0,0,0,0,0,0,0,1,0,13,0,1,3,2,0,1,0,0,0,0,0,0,0,0,0,0,0,0,0,0,0,0,0,0,0,0,0,0,0,0,0,0,0,0,0,0,0,0,0,0,0,0,0,0,0,0,0,0,0,0,0,0,0,0,0,0,0,0,0,0,0,0,0,0,0,0,0,0,0,0,0,0,0,0,0,0,0,0,0,0,0,0,0,0,0,0,0,0,0,0,0,0,1,0,0,0,0,-0.133121782,-3.25,227,0.554455,0,0,6,0,0,0,0,0,0,1,0,0,0,0,1,0,0,0,-435,0.000718553,0.0004511,0,0,1,0,0,0,1
CR004774,chr19,12992336,12992335,0,0,0,0,0,0,0,0,0,0,1,2,0,0,1,0,135,2,0,1,3,0,3,0,0,0,0,0,0,13,0,0,0,0,0,0,0,0,0,0,0,1,0,6,10,2,0,4,12,19,2,13,0,0,0,0,0,2,1,0,0,0,1,0,2,0,0,0,0,0,0,1,0,0,1,1,0,0,1,0,0,0,0,0,0,1,0,38,1,0,0,0,0,0,0,0,1,2,0,0,1,0,0,0,0,0,0,0,1,1,0,3,0,0,0,0,0,0,0,4,0,0,3,1,0,0,0,0,0,6,2,0,0,1,0,0,0,0,0,0,0,1,1,-2.147006931,0.122,0,0.613861,0,0,0,0,0,6,0,24,2,0,0,0,0,0,0,0,0,0,232,0.000501982,0.0005646,0,0,1,0,0,0,1
CR004775,chr6,10415307,10415306,0,0,0,0,0,0,0,0,0,0,0,0,0,0,0,0,4,0,0,0,0,0,0,0,0,0,0,0,0,4,0,0,0,0,0,0,0,0,0,0,0,0,0,4,3,19,1,5,10,25,1,6,0,1,2,0,0,0,0,0,0,0,0,0,0,0,0,0,0,0,0,0,0,0,0,0,0,0,0,0,0,0,0,0,0,0,0,1,0,0,0,0,0,0,0,0,0,0,0,0,0,0,0,0,0,1,1,0,0,0,0,0,0,0,0,0,0,0,1,0,0,0,0,0,0,0,0,0,0,0,0,0,0,0,0,0,0,0,2,0,0,0,1,2.458472277,-2.46,-73,0.663366,0,2,2,0,0,1,0,1,0,1,1,0,0,0,1,0,0,0,2,0.001131181,0.0013056,1,0,1,0,0,0,1
CR004789,chr12,51489009,51489008,0,0,0,0,0,0,0,0,0,0,0,0,0,0,0,0,0,0,0,0,0,0,0,0,0,0,0,0,0,1,0,0,0,0,0,0,0,0,0,0,0,0,0,0,0,0,20,0,0,0,0,0,0,0,0,0,0,0,0,0,0,0,0,0,0,0,0,0,0,0,0,0,0,0,0,0,0,0,0,0,0,0,0,0,0,0,0,0,0,0,0,0,0,0,0,0,0,0,0,0,0,0,0,0,0,0,0,0,0,0,0,0,0,0,0,0,0,0,0,0,0,0,0,0,0,0,0,0,0,0,0,0,0,0,0,0,0,0,0,0,0,0,0,1.633036634,-5.52,8704,0.504951,0,0,0,0,6,0,0,0,0,0,0,0,1,0,1,0,0,0,-49,6.64E-05,3.37E-05,1,0,1,0,0,0,1
CR004797,chr4,26492222,26492221,0,0,0,0,0,0,0,0,0,0,0,0,0,0,0,0,0,0,0,0,0,0,0,0,0,0,0,0,0,0,0,0,0,0,0,0,0,0,0,0,0,0,0,1,0,10,0,0,1,0,0,0,0,0,0,0,0,0,0,0,0,0,0,0,0,0,0,0,0,0,0,0,0,0,0,0,0,0,0,0,0,0,0,0,0,0,0,0,0,0,0,0,0,0,0,0,0,0,0,0,0,0,0,0,0,0,0,0,0,0,0,0,0,0,0,0,0,0,0,0,0,0,0,0,0,0,0,0,0,0,0,0,0,0,0,0,0,0,0,0,0,0,0,0.404766337,-0.97,-137,0.504951,0,0,6,0,0,0,0,0,0,0,0,0,0,0,0,0,0,0,444,0.000919906,0.0019835,1,0,1,0,0,0,1
CR004816,chr12,68552522,68552521,0,0,0,0,0,0,0,0,0,0,0,0,0,0,22,0,2,0,0,0,0,0,0,0,0,0,0,0,0,2,0,0,0,0,0,0,0,0,0,0,0,0,0,0,0,1,0,0,0,0,0,0,0,0,0,0,0,0,0,0,0,0,0,0,0,0,0,0,0,0,0,0,0,0,0,0,0,0,0,0,0,0,0,0,0,0,0,0,0,0,0,0,0,0,2,0,0,0,0,0,0,0,0,0,0,0,0,0,0,0,0,0,0,0,0,0,0,0,0,0,0,0,0,0,0,0,0,0,0,0,0,0,0,0,0,0,0,0,0,0,0,0,0,-0.449823232,0.293,1004,0.346535,0,0,0,0,0,0,6,0,0,0,1,0,0,0,0,0,0,0,480,0.000450345,0.0002983,0,0,0,0,1,1,1
CR004851,chr12,15038788,15038787,0,0,0,0,0,0,0,0,0,0,0,0,0,0,0,0,14,0,0,0,0,0,0,0,0,0,0,0,0,2,0,0,0,0,0,0,0,0,0,0,0,0,0,1,1,0,0,7,5,21,0,1,0,0,0,0,0,0,0,0,0,0,0,0,0,0,0,0,0,0,0,0,0,0,0,0,0,0,0,0,0,0,0,0,0,0,0,1,0,0,0,0,0,0,0,0,0,0,0,0,0,0,0,0,0,0,0,0,0,0,0,0,0,0,0,0,0,0,0,0,0,0,0,0,0,0,0,0,0,0,0,0,0,0,0,0,0,0,0,0,0,0,0,1.445490396,1.34,0,0.504951,0,1,4,0,1,0,0,9,0,1,1,0,0,0,1,0,0,0,45,0.001019752,0.005418,1,0,1,0,0,0,1
CR004852,chr17,56358762,56358761,0,0,0,0,0,0,0,0,0,0,0,0,0,0,0,0,0,0,0,0,0,0,0,0,0,0,0,0,0,0,0,0,0,0,0,0,0,0,0,0,0,0,0,0,0,4,0,0,0,1,0,0,0,0,0,0,0,0,0,0,0,0,0,0,0,0,0,0,0,0,0,0,0,0,0,0,0,0,0,0,0,0,0,0,0,0,0,0,0,0,0,0,0,0,0,0,0,0,0,0,0,0,0,0,0,0,0,0,0,0,0,0,0,0,0,0,0,0,0,0,0,0,0,0,0,0,0,0,0,0,0,0,0,0,0,0,0,0,0,0,0,0,0,-0.417731683,-0.434,-465,0.594059,0,0,5,0,0,0,0,0,0,0,0,0,0,0,0,0,0,0,796,0.000952126,0.0005923,0,0,1,0,0,1,1
CR004855,chr7,99277666,99277665,0,0,0,0,0,0,0,0,0,0,1,0,0,0,0,0,41,0,0,0,0,0,0,0,0,0,0,0,0,2,0,0,0,0,0,0,0,0,0,0,0,0,0,1,2,1,0,3,5,15,0,1,0,0,0,0,0,1,0,0,0,0,0,0,0,0,0,1,0,0,0,0,0,0,0,0,0,0,0,1,1,0,0,0,0,0,0,11,0,0,0,0,0,0,0,0,0,0,0,0,0,0,0,0,0,0,0,0,0,0,0,0,0,0,0,0,0,0,0,0,0,1,0,0,0,0,0,0,0,0,0,0,0,0,0,0,0,0,0,0,0,0,0,-0.960966337,-1.15,-44,0.514852,0,1,3,0,0,0,0,4,3,0,0,0,0,0,0,0,0,0,217,0.000186135,9.49E-05,0,0,1,0,0,0,1
CR004856,chr7,99277990,99277989,0,0,0,0,0,0,0,0,0,0,0,0,0,0,0,0,0,0,0,0,0,0,0,0,0,0,0,0,0,0,0,0,0,0,0,0,0,0,0,0,0,0,0,1,1,1,0,2,2,2,0,1,0,0,0,0,0,0,0,0,0,0,0,0,0,0,0,0,0,0,0,0,0,0,0,0,0,0,0,0,0,0,0,0,0,0,0,0,0,0,0,0,0,0,0,0,0,0,0,0,0,0,0,0,0,0,0,0,0,0,0,0,0,0,0,0,0,0,0,0,0,0,0,0,0,0,0,0,0,0,0,0,0,0,0,0,0,0,0,0,0,0,0,-0.592612772,-0.343,-368,0.514852,0,1,4,0,0,0,0,0,0,0,0,0,0,0,0,0,0,0,541,0.000360518,0.0001939,0,1,0,0,0,1,1
CR004910,chr6,32908752,32908751,0,0,0,0,0,0,0,0,0,0,0,0,0,0,0,0,5,0,0,0,0,0,0,0,0,0,0,0,0,6,0,0,0,0,0,0,0,0,0,0,0,0,0,3,1,11,0,2,8,14,1,1,0,0,0,0,0,0,0,0,0,0,0,0,0,0,0,0,0,0,0,0,0,0,0,0,0,0,2,1,0,0,0,0,0,0,0,18,0,0,2,0,0,0,0,0,0,4,0,0,0,0,0,2,0,0,0,0,0,1,0,0,0,0,0,0,0,0,0,3,0,0,1,0,0,0,0,0,0,0,1,0,0,0,0,0,0,0,0,0,0,0,0,-0.555749505,-0.947,8,0.514852,0,3,1,0,0,1,0,2,0,1,1,0,0,0,1,0,0,0,157,0.000401913,0.0002061,0,0,0,1,0,0,1
CR004911,chr6,32908816,32908815,0,0,0,0,0,0,0,1,0,0,0,0,0,0,0,0,119,0,0,0,0,0,0,0,0,0,0,0,0,13,0,0,0,0,0,0,0,0,0,0,0,0,0,3,1,11,0,2,8,14,1,1,0,0,0,0,0,0,0,0,0,0,0,0,0,0,0,0,0,0,0,0,0,0,0,0,0,0,2,1,0,0,0,0,0,0,0,17,0,0,2,0,0,0,0,0,0,4,0,0,0,0,0,2,0,0,0,0,0,1,0,0,0,0,0,0,0,0,0,3,0,0,1,0,0,0,0,0,0,0,1,0,0,0,0,0,0,0,0,0,0,0,0,0.261238614,0.441,-17,0.475248,0,3,1,0,0,1,0,9,0,1,1,0,0,0,1,0,0,0,221,0.000276941,0.0001424,0,0,0,1,0,0,1
CR005436,chr15,51502986,51502985,0,0,0,0,0,0,0,0,0,0,0,0,0,0,0,0,0,0,0,0,0,0,0,0,0,0,0,0,0,0,0,0,0,0,0,0,0,0,0,0,0,0,0,0,0,2,0,0,0,0,0,0,0,0,0,0,0,0,0,0,0,0,0,0,0,0,0,0,0,0,0,0,0,0,0,0,0,0,0,0,0,0,0,0,0,0,0,0,0,0,0,0,0,0,0,0,0,0,0,0,0,0,0,0,0,0,0,0,0,0,0,0,0,0,0,0,0,0,0,0,0,0,0,0,0,0,0,0,0,0,0,0,0,0,0,0,0,0,0,0,0,0,0,0.693252178,0.711,5197,0.455446,0,0,5,0,1,0,0,0,0,0,1,0,1,0,1,0,0,0,-267,0.001035365,0.0017863,0,0,0,1,0,0,1
CR005437,chrX,138645598,138645597,0,0,0,0,0,0,0,0,0,0,0,0,0,0,0,0,8,0,0,0,0,0,0,0,0,0,0,0,0,0,0,0,0,0,0,0,0,0,0,0,0,0,0,0,0,0,0,0,0,0,0,0,0,0,0,0,0,0,0,0,0,0,0,0,0,0,0,0,0,0,0,0,0,0,0,0,0,0,0,0,0,0,0,0,0,0,0,0,0,0,0,0,0,0,0,0,0,0,0,0,0,0,0,0,0,0,0,0,0,0,0,0,0,0,0,0,0,0,0,0,0,0,0,0,0,0,0,0,0,0,0,0,0,0,0,0,0,0,0,0,0,0,0,0.318388119,0.275,32673,0.39604,0,0,6,0,0,0,0,0,0,0,0,0,1,0,1,0,0,0,1915,0.000115737,5.90E-05,0,1,0,0,0,1,1
CR005467,chrX,113818520,113818519,0,0,0,0,0,0,0,0,0,0,0,0,0,0,0,0,4,0,0,0,0,0,0,0,0,0,0,0,0,0,0,0,0,0,0,0,0,0,0,0,0,0,0,0,0,15,0,0,2,8,0,0,0,1,0,0,0,0,0,0,0,0,0,0,0,0,0,0,0,0,0,1,0,0,0,0,0,0,0,0,0,0,0,0,0,0,0,0,0,0,0,0,0,0,0,0,0,0,0,0,0,0,0,0,0,0,0,0,0,0,0,0,0,0,0,0,0,0,0,0,0,0,0,0,0,0,0,0,0,0,0,0,0,0,0,0,0,0,0,0,0,0,1,1.453638614,-0.964,-30,0.613861,0,1,5,0,0,0,0,1,0,0,0,0,0,0,0,0,0,0,-612,0.001275386,0.0016748,1,0,1,0,0,0,1
CR005485,chr15,75038482,75038481,0,0,0,0,0,0,0,0,0,0,0,0,0,0,0,0,0,0,0,0,0,0,0,0,0,0,0,0,0,0,0,0,0,0,0,0,0,0,0,0,0,0,0,0,0,1,0,0,0,0,0,0,0,0,0,0,0,0,0,0,0,0,0,0,0,0,0,0,0,0,0,0,0,0,0,0,0,0,0,0,0,0,0,0,0,0,0,0,0,0,0,0,0,0,0,0,0,0,0,0,0,0,0,0,0,0,0,0,0,0,0,0,0,0,0,0,0,0,0,0,0,0,0,0,0,0,0,0,0,0,0,0,0,0,0,0,0,0,0,0,0,0,0,-0.077068317,-1.43,-2701,0.237624,0,0,5,0,0,0,0,0,0,0,0,0,0,0,0,0,0,0,-2756,0.00067439,0.0012642,0,0,0,1,0,0,1
CR010142,chr13,113760096,113760095,0,0,0,0,0,0,0,0,0,0,0,2,1,0,0,0,25,0,0,0,0,0,0,0,2,0,0,0,0,2,0,0,0,1,3,1,0,0,0,0,0,0,0,0,1,2,0,2,1,3,0,1,0,0,0,1,0,1,0,2,1,0,0,0,0,0,0,1,0,0,0,0,0,0,0,0,0,0,0,0,0,0,0,0,0,0,0,2,0,0,0,0,0,0,1,0,0,0,1,0,1,0,0,0,0,0,0,0,0,1,0,0,0,0,1,0,0,0,0,1,0,0,1,1,0,0,0,0,0,0,0,0,0,0,0,0,0,0,0,0,0,1,0,-0.348350594,2.82,-8,0.613861,1,0,2,0,0,1,0,1,1,0,0,0,0,0,0,0,0,0,-123,0.001688573,0.0024265,0,0,0,0,1,0,1
CR010588,chr19,55385604,55385603,0,0,0,0,0,0,0,0,0,0,0,0,0,0,0,0,2,0,0,0,0,0,0,0,0,0,0,0,0,0,0,0,0,0,0,0,0,0,0,0,0,0,0,0,0,3,0,0,0,0,0,0,0,0,0,0,0,0,0,0,0,0,0,0,0,0,0,0,0,0,0,0,0,0,0,0,0,0,0,0,0,0,0,0,0,0,0,1,0,0,0,0,0,0,0,0,0,0,0,0,0,0,0,0,0,0,0,0,0,0,0,0,0,0,0,0,0,1,0,0,0,0,0,0,0,0,0,0,0,0,0,0,0,0,0,0,0,0,0,0,0,0,0,-0.228488119,-1.54,54,0.475248,0,0,5,0,1,0,0,0,1,1,0,0,0,0,1,0,0,0,-175,0.001342992,0.0011233,0,0,0,0,1,0,1
CR011062,chr3,15687154,15687153,0,0,0,0,0,0,0,0,0,0,0,0,0,0,0,0,0,0,0,0,0,0,0,0,0,0,0,0,0,0,0,0,0,0,0,0,0,0,0,0,0,0,0,0,9,1,1,9,9,8,0,8,0,0,0,0,0,0,0,0,0,0,0,0,0,0,0,0,0,0,0,0,0,0,0,0,0,0,0,0,0,0,0,0,0,0,0,0,0,0,0,0,0,0,0,0,0,0,0,0,0,0,0,0,0,0,0,0,0,0,0,0,0,0,0,0,0,0,0,0,0,0,0,0,0,0,0,0,0,0,0,0,0,0,0,0,0,0,0,0,0,0,0,-0.160089109,1.77,15644,0.475248,0,2,4,0,0,0,0,0,0,0,0,0,1,0,1,0,0,0,1331,0.00037494,0.0012097,0,0,0,1,0,0,1
CR011063,chr19,55385435,55385434,0,0,0,0,0,0,0,0,0,0,0,0,0,0,0,0,0,0,0,0,0,0,0,0,0,0,0,0,0,0,0,0,0,0,0,0,0,0,0,0,0,0,0,0,0,3,0,0,0,0,0,0,0,0,0,0,0,0,0,0,0,0,0,0,0,0,0,0,0,0,0,0,0,0,0,0,0,0,0,0,0,0,0,0,0,0,0,0,0,0,0,0,0,0,0,0,0,0,0,0,0,0,0,0,0,0,0,0,0,0,0,0,0,0,0,0,0,0,0,0,0,0,0,0,0,0,0,0,0,0,0,0,0,0,0,0,0,0,0,0,0,0,0,0.0179,-0.196,-113,0.366337,0,0,5,0,1,0,0,0,0,0,0,0,0,0,0,0,0,0,-344,0.001173192,0.0010333,0,0,0,0,1,0,1
CR011064,chr19,49468579,49468578,0,0,0,1,1,0,0,0,0,0,0,0,1,0,1,0,21,0,0,0,0,0,1,0,0,0,0,0,0,14,0,1,0,1,0,0,0,0,0,0,1,2,0,1,14,1,4,3,13,22,5,14,0,0,5,0,0,2,1,0,0,0,0,0,0,0,0,0,0,0,0,0,0,0,1,2,0,0,2,1,1,1,0,0,0,2,0,52,1,0,2,0,0,0,0,1,3,0,0,0,3,0,0,2,0,0,0,0,0,1,0,0,0,0,0,0,0,0,0,9,1,0,4,2,1,0,0,0,0,0,0,0,0,2,0,0,0,0,0,0,0,0,1,0.516158416,3.25,12,0.613861,0,0,0,0,0,6,0,37,1,1,0,0,0,0,1,0,0,0,-287,9.00E-05,4.66E-05,0,0,1,0,0,0,1
CR011065,chr5,131396332,131396331,0,0,0,0,0,0,0,0,0,0,0,0,0,0,0,0,0,0,0,0,0,0,0,0,0,0,0,0,0,0,0,0,0,0,0,0,0,0,0,0,0,0,0,0,0,1,0,0,0,0,0,0,0,0,0,0,0,0,0,0,0,0,0,0,0,0,0,0,0,0,0,0,0,0,0,0,0,0,0,0,0,0,0,0,0,0,0,0,0,0,0,0,0,0,0,0,0,0,0,0,0,0,0,0,0,0,0,0,0,0,0,0,0,0,0,0,0,0,0,0,0,0,0,0,0,0,0,0,0,0,0,0,0,0,0,0,0,0,0,0,0,0,0,-0.474475248,3.81,109,0.594059,0,0,5,0,0,0,0,0,0,1,0,0,0,0,1,0,0,0,-229,0.001014293,0.0009339,0,0,1,0,0,0,1
CR011066,chr4,141489996,141489995,0,0,0,0,0,0,0,0,0,0,0,0,0,0,0,0,14,0,0,0,0,0,0,0,0,0,0,0,0,0,0,0,0,0,0,0,0,0,0,0,0,0,0,3,0,23,0,8,11,39,0,1,0,2,0,0,0,0,0,0,0,0,0,0,0,0,0,0,0,0,0,0,0,0,0,0,0,0,0,0,0,0,0,0,0,0,0,2,0,0,0,0,0,0,0,0,0,0,0,0,0,0,0,0,0,0,0,0,0,0,0,0,0,0,0,0,0,0,0,2,0,0,1,0,0,0,0,0,0,0,0,0,0,0,0,0,0,0,0,0,0,0,1,-1.795804851,-0.367,-36,0.643564,0,3,3,0,0,0,0,0,0,0,0,0,0,0,0,0,0,0,238,0.001130175,0.0007451,0,0,0,0,1,0,1
CR011067,chr10,127505271,127505270,0,0,0,0,0,0,0,0,0,0,1,0,0,0,0,0,4,0,0,0,0,1,0,0,1,0,0,0,0,3,0,0,0,0,0,0,1,2,3,0,0,0,0,1,1,0,13,2,1,3,1,2,0,0,0,0,0,0,1,0,0,0,0,0,0,0,0,1,0,0,1,0,0,0,0,1,0,1,0,0,0,0,0,0,0,0,0,4,0,0,0,0,0,0,0,0,1,0,0,0,0,1,0,0,0,0,0,0,0,0,0,0,0,0,0,0,0,0,0,0,0,1,1,0,0,0,0,0,0,0,0,0,0,0,0,1,0,0,0,0,0,0,0,0.721132871,3.85,-69,0.435644,0,0,1,0,4,1,0,1,4,0,1,0,0,0,0,0,0,0,174,0.000235935,0.0001324,0,1,0,0,0,0,1
CR011068,chr10,127505277,127505276,0,0,0,0,0,0,0,0,0,0,1,0,0,0,0,0,4,0,0,0,0,1,0,0,1,0,0,0,0,3,0,0,0,0,0,0,1,2,3,0,0,0,0,1,1,0,13,2,1,3,1,2,0,0,0,0,0,0,1,0,0,0,0,0,0,0,0,1,0,0,1,0,0,0,0,1,0,1,0,0,0,0,0,0,0,0,0,4,0,0,0,0,0,0,0,0,1,0,0,0,0,1,0,0,0,0,0,0,0,0,0,0,0,0,0,0,0,0,0,0,0,1,1,0,0,0,0,0,0,0,0,0,0,0,0,1,0,0,0,0,0,0,0,0.791162574,2.68,-75,0.425743,0,0,1,0,4,1,0,1,2,0,1,0,0,0,0,0,0,0,180,0.000235935,0.0001324,0,0,1,0,0,0,1
CR011069,chr10,127505287,127505286,0,0,0,0,0,0,0,0,0,0,1,0,0,0,0,0,4,0,0,0,0,1,0,0,1,0,0,0,0,3,0,0,0,0,0,0,1,2,3,0,0,0,0,1,1,0,13,2,1,3,1,2,0,0,0,0,0,0,1,0,0,0,0,0,0,0,0,1,0,0,1,0,0,0,0,1,0,1,0,0,0,0,0,0,0,0,0,4,0,0,0,0,0,0,0,0,1,0,0,0,0,1,0,0,0,0,0,0,0,0,0,0,0,0,0,0,0,0,0,0,0,1,1,0,0,0,0,0,0,0,0,0,0,0,0,1,0,0,0,0,0,0,0,1.040202178,1.97,-85,0.415842,0,0,1,0,4,1,0,1,0,0,1,0,0,0,0,0,0,0,190,0.000235935,0.0001324,0,0,0,1,0,0,1
CR011070,chr10,127505291,127505290,0,0,0,0,0,0,0,0,0,0,1,0,0,0,0,0,4,0,0,0,0,1,0,0,1,0,0,0,0,3,0,0,0,0,0,0,1,2,3,0,0,0,0,1,1,0,13,2,1,3,1,2,0,0,0,0,0,0,1,0,0,0,0,0,0,0,0,1,0,0,1,0,0,0,0,1,0,1,0,0,0,0,0,0,0,0,0,4,0,0,0,0,0,0,0,0,1,0,0,0,0,1,0,0,0,0,0,0,0,0,0,0,0,0,0,0,0,0,0,0,0,1,1,0,0,0,0,0,0,0,0,0,0,0,0,1,0,0,0,0,0,0,0,1.10381604,3.85,-89,0.425743,0,0,1,0,4,1,0,1,0,0,1,0,0,0,0,0,0,0,194,0.000235935,0.0001324,0,0,0,1,0,0,1
CR011575,chrX,153991099,153991098,0,0,0,0,0,0,0,0,0,0,1,0,0,0,0,0,19,4,1,3,0,0,0,0,0,0,0,0,0,15,0,0,0,0,0,0,0,0,0,0,0,0,0,4,13,0,0,0,12,18,5,13,0,0,0,0,0,1,1,0,0,0,1,0,0,0,0,0,0,0,0,1,0,0,1,5,0,0,1,0,0,0,0,0,0,0,0,33,1,0,0,0,0,0,0,0,0,0,0,0,0,0,0,0,0,0,0,0,0,1,0,0,0,0,0,0,0,0,0,5,0,0,1,0,0,0,1,0,0,0,0,0,0,2,0,0,0,0,0,0,0,0,1,-0.066247129,0.521,-27,0.782178,0,0,0,0,0,6,0,28,8,1,0,0,0,0,1,0,0,0,-157,0.000601694,0.0024542,0,0,1,0,0,0,1
CR011576,chr9,35657945,35657944,0,1,0,1,1,1,1,1,0,0,1,2,0,0,2,0,136,2,2,3,3,3,3,1,3,0,0,0,0,18,0,1,0,1,1,1,0,1,1,0,0,1,0,6,11,0,0,4,13,22,0,13,0,0,0,2,0,0,1,2,1,1,0,0,2,0,0,3,0,0,0,6,0,1,2,4,0,0,11,0,0,0,2,0,0,1,0,10,0,2,0,0,0,0,0,0,0,1,0,0,3,0,0,0,0,0,0,0,1,2,0,3,0,0,0,1,0,1,0,0,0,0,5,2,2,1,1,0,3,6,3,0,0,2,0,0,0,0,0,0,0,1,1,2.008019802,6.16,68,0.594059,0,0,0,0,0,6,0,20,0,0,0,0,0,0,1,0,0,0,-537,0.002677303,0.004532,0,0,0,0,1,0,1
CR011577,chr9,35657822,35657821,0,1,0,0,1,0,1,1,0,0,1,2,1,0,27,0,48,3,2,3,3,4,3,1,3,0,0,0,0,16,0,1,0,1,1,0,0,1,1,0,0,1,0,6,11,1,0,7,13,27,0,13,0,0,0,2,0,1,1,2,1,1,0,0,2,0,0,3,0,0,0,5,0,1,2,5,0,0,11,0,0,0,3,0,0,2,0,19,0,2,0,0,0,0,0,0,0,1,0,0,3,0,0,0,0,0,0,0,1,2,0,0,0,0,0,1,0,1,0,2,0,0,0,2,2,1,1,0,3,5,3,0,0,2,0,0,1,0,1,0,0,0,1,1.355163366,5.24,191,0.673267,0,0,0,0,0,6,0,22,0,0,0,0,0,0,1,0,0,0,-660,0.002587302,0.0044825,1,0,1,0,0,0,1
CR011854,chr4,148402369,148402368,0,0,0,0,0,0,0,0,0,0,0,0,0,0,0,0,7,0,0,0,0,0,0,0,0,0,0,0,0,0,0,0,0,0,0,0,0,0,0,0,0,0,0,3,5,9,0,4,9,21,0,8,0,0,0,0,0,0,0,0,0,0,0,0,0,0,0,0,0,0,0,0,0,0,0,0,0,0,0,0,0,0,0,0,0,0,0,0,0,0,0,0,0,0,0,0,0,0,0,0,0,0,0,0,0,0,0,0,0,0,0,0,0,0,0,0,0,0,0,0,0,0,0,0,0,0,0,0,0,0,0,0,0,0,0,0,0,0,0,0,0,0,1,-0.336718812,-1.51,284,0.70297,0,2,4,0,0,0,0,0,0,1,0,0,0,0,1,0,0,0,-159,0.001542997,0.0014419,0,0,0,1,0,0,1
CR011855,chr11,73694754,73694753,0,0,0,0,0,0,0,0,0,0,0,0,0,0,0,0,8,0,0,4,0,0,0,0,0,0,0,0,0,4,0,0,0,0,0,0,0,0,0,0,0,0,0,6,11,0,0,11,13,22,1,13,0,0,0,0,0,1,0,0,0,0,0,0,0,0,1,1,0,0,0,5,0,0,0,2,0,0,0,0,0,0,0,0,0,0,0,11,0,0,0,0,0,0,0,0,1,0,0,0,0,0,0,0,0,0,0,0,0,0,0,0,0,0,0,0,0,0,0,1,0,0,0,0,0,0,0,0,0,0,2,0,0,1,0,0,0,0,0,0,0,0,1,-1.272841386,2.46,-401,0.60396,0,0,0,0,0,6,0,2,0,0,0,0,0,0,0,0,0,0,988,0.000713361,0.0005378,1,0,1,0,0,0,1
CR011856,chr3,10191656,10191655,0,0,0,0,0,0,0,0,0,0,0,0,0,0,0,0,0,0,0,0,0,0,0,0,0,0,0,0,0,0,0,0,0,0,0,0,0,0,0,0,0,0,0,0,0,0,25,0,0,0,1,0,0,0,0,0,0,0,0,0,0,0,0,0,0,0,0,0,0,0,0,0,0,0,0,0,0,0,0,0,0,0,0,0,0,0,0,0,0,0,0,0,0,0,0,0,0,0,0,0,0,0,0,0,0,0,0,0,0,0,0,0,0,0,0,0,0,0,0,0,0,0,0,0,0,0,0,0,0,0,0,0,0,0,0,0,0,0,0,0,0,0,0,-0.141443564,-4.67,7425,0.445545,0,0,0,0,6,0,0,0,0,0,0,0,1,0,1,0,0,0,185,0.001035395,0.0012144,0,0,1,0,0,0,1
CR011985,chr11,5246699,5246698,0,0,0,0,0,0,0,0,0,0,0,0,0,0,0,0,0,0,0,0,0,0,0,0,0,0,0,0,0,0,0,0,0,0,0,0,0,0,0,0,0,0,0,1,1,0,0,2,1,1,0,2,0,0,0,0,0,0,0,0,0,0,0,0,0,0,0,0,0,0,0,0,0,0,0,0,0,0,0,0,0,0,0,0,0,0,0,5,0,0,0,0,0,0,0,0,0,0,0,0,0,0,0,0,0,0,0,0,0,0,0,0,0,0,0,0,0,0,0,0,0,0,0,0,0,0,0,0,0,0,0,0,0,0,0,0,0,0,0,0,0,0,0,-0.417351485,-8.48,-829,0.287129,0,0,5,0,0,0,0,0,0,0,0,0,1,0,1,0,0,0,-257,0.001968901,0.0023476,0,1,0,0,0,0,1
CR011986,chr11,5246696,5246695,0,0,0,0,0,0,0,0,0,0,0,0,0,0,0,0,0,0,0,0,0,0,0,0,0,0,0,0,0,0,0,0,0,0,0,0,0,0,0,0,0,0,0,1,1,0,0,2,1,1,0,2,0,0,0,0,0,0,0,0,0,0,0,0,0,0,0,0,0,0,0,0,0,0,0,0,0,0,0,0,0,0,0,0,0,0,0,5,0,0,0,0,0,0,0,0,0,0,0,0,0,0,0,0,0,0,0,0,0,0,0,0,0,0,0,0,0,0,0,0,0,0,0,0,0,0,0,0,0,0,0,0,0,0,0,0,0,0,0,0,0,0,0,-0.335074257,0.382,-826,0.29703,0,0,5,0,0,0,0,0,0,0,0,0,1,0,1,0,0,0,-260,0.001968901,0.0023476,0,0,0,1,0,0,1
CR012230,chr6,32152387,32152386,0,0,0,0,0,0,0,0,0,0,0,4,0,0,0,0,1,0,0,0,0,0,0,0,0,0,0,0,0,0,0,0,0,0,0,0,0,0,0,0,0,0,0,0,1,0,14,2,0,1,1,2,0,0,0,0,0,0,0,0,0,0,0,0,0,0,0,0,0,0,0,0,0,0,0,0,0,0,0,0,0,0,0,0,0,0,0,1,0,0,0,0,0,0,0,0,0,0,0,0,0,0,0,0,0,0,0,0,0,0,0,0,0,0,0,0,0,0,0,0,0,0,0,0,0,0,0,0,0,0,0,0,0,0,0,0,0,0,0,0,0,0,0,-0.598143861,-7.77,-285,0.514852,0,0,0,0,6,0,0,0,0,0,0,0,1,0,1,0,0,0,-225,0.000869394,0.0020223,0,1,0,0,0,0,1
CR012231,chr6,32152442,32152441,0,0,0,0,0,0,0,0,0,0,0,0,0,0,0,0,0,0,0,0,0,0,0,0,0,0,0,0,0,0,0,0,0,0,0,0,0,0,0,0,0,0,0,0,1,0,14,2,0,1,1,2,0,0,0,0,0,0,0,0,0,0,0,0,0,0,0,0,0,0,0,0,0,0,0,0,0,0,0,0,0,0,0,0,0,0,0,1,0,0,0,0,0,0,0,0,0,0,0,0,0,0,0,0,0,0,0,0,0,0,0,0,0,0,0,0,0,0,0,0,0,0,0,0,0,0,0,0,0,0,0,0,0,0,0,0,0,0,0,0,0,0,0,-0.439765644,-2.15,-340,0.415842,0,0,0,0,6,0,0,0,0,0,0,0,1,0,1,0,0,0,-170,0.000656396,0.0011414,0,1,0,0,0,0,1
CR012232,chr11,2179869,2179868,0,0,0,0,0,0,0,0,0,0,0,0,0,0,0,0,2,0,0,0,0,0,0,0,0,0,0,0,0,0,0,0,0,0,0,0,0,0,0,0,0,0,0,0,0,3,0,0,0,0,0,0,0,0,0,0,0,0,0,0,0,0,0,0,0,0,0,0,0,0,0,0,0,0,0,0,0,0,0,0,0,0,0,0,0,0,0,0,0,0,0,0,0,0,0,0,0,0,0,0,0,0,0,0,0,0,0,0,0,0,0,0,0,0,0,0,0,0,0,0,0,0,0,0,0,0,0,0,0,0,0,0,0,0,0,0,0,0,0,0,0,0,0,-0.125128713,-1.9,18,0.683168,0,0,3,0,0,0,0,0,0,0,1,0,0,0,1,0,0,0,372,6.58E-05,3.32E-05,0,0,0,0,1,0,1
CR012233,chr11,2152541,2152540,0,0,0,0,0,0,0,0,0,0,0,0,0,0,0,0,0,0,0,0,0,0,0,0,0,0,0,0,0,0,0,0,0,0,0,0,0,0,0,0,0,0,0,0,0,7,6,0,0,0,0,0,0,0,2,0,0,3,0,0,0,0,0,0,0,0,0,0,0,0,0,0,0,0,0,0,0,0,0,0,0,0,0,0,0,0,0,0,0,0,0,0,0,0,0,0,0,0,0,0,0,0,0,0,0,0,0,0,0,0,0,0,0,0,0,0,0,0,0,0,0,0,0,0,0,0,0,0,0,0,0,0,0,0,0,0,0,0,0,0,0,0,0,-0.247563366,-0.343,-1346,0.594059,0,0,4,0,1,0,0,0,0,0,0,0,1,0,1,0,0,0,1390,0.001590983,0.0021946,1,0,1,0,0,0,1
CR012509,chr11,34459717,34459716,0,0,0,0,0,0,0,0,0,0,0,0,0,0,0,0,1,0,0,0,0,0,0,0,0,0,0,0,0,0,0,0,0,0,0,0,0,0,0,0,0,0,0,6,12,0,0,2,13,16,1,13,0,0,0,0,0,0,0,0,0,0,0,0,0,0,0,0,0,0,0,0,0,0,0,0,0,0,0,0,0,0,0,0,0,0,0,0,0,0,0,0,0,0,0,0,0,0,0,0,0,0,0,0,0,0,0,0,0,0,0,0,0,0,0,0,0,0,0,0,0,0,0,0,0,0,0,0,0,0,0,0,0,0,0,0,0,0,0,0,0,0,0,-0.480688119,-0.635,-754,0.376238,0,0,1,1,0,0,0,2,0,0,0,0,0,0,0,0,0,0,-909,0.000678796,0.0005723,0,0,0,1,0,0,1
CR012510,chr16,56995796,56995795,0,0,0,0,0,0,0,0,0,0,0,0,0,0,0,0,8,0,0,0,0,0,0,0,0,0,0,0,0,0,0,0,0,0,0,0,0,0,0,0,0,0,0,0,2,1,0,7,3,1,0,1,0,0,0,0,0,0,0,0,0,0,0,0,0,0,0,0,0,0,0,0,0,0,0,0,0,0,0,0,0,0,0,0,0,0,0,0,0,0,0,0,0,0,0,0,0,0,0,0,0,0,0,0,0,0,0,0,0,0,0,0,0,0,0,0,0,0,0,0,0,0,0,0,0,0,0,0,0,0,0,0,0,0,0,0,0,0,0,0,0,0,0,-0.086647525,-3.72,33,0.633663,0,0,3,0,0,0,0,3,1,1,0,0,0,0,1,0,0,0,-213,0.001741899,0.0014061,1,0,0,1,0,0,1
CR012511,chr7,94953949,94953948,0,0,0,0,0,0,0,0,0,0,0,0,0,0,0,0,11,0,0,0,0,0,0,0,0,0,0,0,0,0,0,0,0,0,0,0,0,0,0,0,0,0,0,0,0,11,0,1,3,4,0,0,0,0,0,0,0,0,0,0,0,0,0,0,0,0,0,0,0,0,0,0,0,0,0,0,0,0,0,0,0,0,0,0,0,0,0,0,0,0,0,0,0,0,0,0,0,0,0,0,0,0,0,0,0,0,0,0,0,0,0,0,0,0,0,0,0,0,0,0,0,0,0,0,0,0,0,0,0,0,0,0,0,0,0,0,0,0,0,0,0,0,1,-2.239711485,-3.04,69,0.673267,0,1,2,2,0,0,0,0,1,1,1,0,0,0,1,0,0,0,235,0.000988751,0.0006991,0,0,0,0,1,0,1
CR012512,chr5,147211355,147211354,0,0,0,0,0,0,0,0,0,0,0,0,0,0,1,0,0,0,0,0,0,0,0,0,0,0,0,0,0,0,0,0,0,0,0,0,0,0,0,0,0,0,0,0,0,1,0,0,0,1,0,0,0,0,0,0,0,0,0,0,0,0,0,0,0,0,0,0,0,0,0,0,0,0,0,0,0,0,0,0,0,0,0,0,0,0,0,0,0,0,0,0,0,0,0,0,0,0,0,0,0,0,0,0,0,0,0,0,0,0,0,0,0,0,0,0,0,0,0,0,0,0,0,0,0,0,0,0,0,0,0,0,0,0,0,0,0,0,0,0,0,0,0,-0.650872277,-8.57,-5,0.49505,0,0,5,0,0,0,1,0,0,0,0,0,0,0,0,0,0,0,269,0.000499349,0.0002703,0,0,1,0,0,0,1
CR012676,chr20,33759640,33759639,0,0,0,0,0,0,0,0,0,0,0,0,0,0,0,0,50,0,0,0,0,0,0,0,0,0,0,0,0,7,0,1,0,0,0,0,0,0,0,0,0,0,0,6,5,1,0,7,13,41,0,7,0,0,0,0,0,0,0,0,0,0,0,0,0,0,0,0,0,0,0,0,0,0,0,0,0,0,0,0,0,0,0,0,0,0,0,0,0,0,0,0,0,0,0,0,0,0,0,0,0,0,0,0,0,0,0,0,0,0,0,0,0,0,0,0,0,3,0,0,0,0,0,0,0,0,0,0,0,0,0,0,0,0,0,0,0,0,2,0,0,0,0,0.809329703,0.995,-133,0.613861,0,4,0,0,0,2,0,30,0,0,1,0,0,0,0,0,0,0,-249,0.000171944,9.10E-05,0,0,0,0,1,0,1
CR012677,chr9,35657753,35657752,0,1,0,0,1,0,0,0,0,0,1,2,1,0,27,0,0,2,2,2,0,4,0,0,2,0,0,0,0,9,0,1,0,1,1,0,0,1,1,0,0,0,0,6,11,1,0,7,13,27,0,13,0,0,0,1,0,2,1,0,0,0,0,0,0,0,0,2,0,0,0,1,0,1,0,2,0,0,0,0,0,0,2,0,0,2,0,17,0,2,0,0,0,0,0,0,0,0,0,0,1,0,0,0,0,0,0,0,1,1,0,0,0,0,0,1,0,0,0,2,0,0,0,1,2,1,1,0,2,0,0,0,0,1,0,0,1,0,0,0,0,0,1,1.274081633,5.27,260,0.653465,0,0,0,0,0,6,0,17,0,0,0,0,0,0,1,0,0,0,-729,0.002590098,0.0044839,1,0,1,0,0,0,1
CR012842,chr1,160058252,160058251,0,0,0,0,0,0,0,0,0,0,0,0,0,0,0,0,2,0,0,0,0,0,0,0,0,0,0,0,0,0,0,0,0,0,0,0,0,0,0,0,0,0,0,0,0,1,2,0,0,0,0,0,0,0,0,0,0,0,0,0,0,0,0,0,0,0,0,0,0,0,0,0,0,0,0,0,0,0,0,0,0,0,0,0,0,0,0,0,0,0,0,0,0,0,0,0,0,0,0,0,0,0,0,0,0,0,0,0,0,0,0,0,0,0,0,0,0,0,0,0,0,0,0,0,0,0,0,0,0,0,0,0,0,0,0,0,0,0,0,0,0,0,0,-0.362205446,-5.42,6869,0.594059,0,0,4,0,1,0,0,0,0,0,0,0,1,0,1,0,0,0,976,0.001612112,0.0013153,1,0,0,1,0,0,1
CR013120,chr14,95078677,95078676,0,0,0,0,0,0,0,0,0,0,0,0,0,0,0,0,42,0,0,0,0,0,0,0,1,0,0,0,0,1,0,0,0,0,0,1,0,0,0,0,0,0,0,1,1,1,0,3,2,5,1,1,0,0,0,1,0,1,0,0,0,0,0,0,0,0,0,0,0,0,0,0,0,0,0,0,0,0,0,0,0,0,0,0,0,0,0,3,0,0,0,0,0,0,0,0,0,0,0,0,0,0,0,0,0,0,0,0,0,0,0,0,0,0,0,0,0,3,0,0,0,0,1,0,1,0,0,0,0,0,0,0,0,0,0,0,0,0,0,0,0,0,0,-0.771836634,0.0774,-36,0.475248,0,0,4,0,1,1,0,11,1,1,0,0,0,0,1,0,0,0,43,0.001027182,0.0015961,0,0,0,1,0,0,1
CR013121,chr11,61735061,61735060,0,0,0,0,0,0,0,0,0,0,0,0,0,0,1,0,40,1,0,0,0,0,0,1,0,0,0,0,0,1,0,0,0,0,0,0,0,0,0,0,1,2,0,4,14,0,0,0,13,19,6,14,0,0,2,0,0,2,0,0,0,0,1,0,0,0,0,0,0,0,0,0,0,0,0,0,0,0,1,1,1,0,0,0,0,0,0,53,1,0,2,0,0,0,0,1,1,0,0,0,1,0,0,2,0,0,0,0,0,1,0,0,0,0,0,0,0,0,0,8,0,0,4,0,0,1,1,0,0,0,0,0,0,0,0,0,0,0,0,0,0,0,1,2.108152475,4.85,-2,0.683168,0,0,0,0,0,6,0,32,0,1,0,0,0,0,1,0,0,0,131,0.0001734,0,0,0,0,0,1,0,1
CR013122,chr20,42984299,42984298,0,0,0,0,0,0,0,0,0,0,0,0,0,0,0,0,11,0,0,0,0,0,1,0,1,0,0,0,0,1,0,0,0,0,2,1,0,0,0,0,0,0,0,0,1,2,0,1,1,1,1,1,0,0,0,1,0,1,0,1,0,0,0,0,0,0,0,1,0,0,0,0,0,0,0,0,0,0,0,0,0,0,0,0,0,0,0,4,0,0,0,0,0,0,0,0,0,0,0,0,1,0,0,0,0,0,0,0,0,0,0,0,1,0,0,0,0,0,0,1,0,0,1,0,0,0,0,0,0,0,0,0,0,0,0,0,0,0,0,0,0,0,0,3.518914851,5.16,-40,0.514852,0,0,5,0,0,1,0,0,0,0,0,0,0,0,0,0,0,0,-194,5.19E-05,2.61E-05,0,0,0,0,1,0,1
CR013123,chr1,45481173,45481172,0,0,0,0,0,0,0,0,0,0,0,0,0,0,0,0,0,0,0,0,0,0,0,0,0,0,0,0,0,0,0,0,0,0,0,0,0,0,0,0,0,0,0,0,2,0,23,2,3,2,1,4,0,0,0,0,0,0,0,0,0,0,0,0,0,0,0,0,0,0,0,0,0,0,0,0,0,0,0,0,0,0,0,0,0,0,0,1,0,0,0,0,0,0,0,0,0,0,0,0,0,0,0,0,0,0,0,0,0,0,0,0,0,0,0,0,0,0,0,0,0,0,0,0,0,0,0,0,0,0,0,0,0,0,0,0,0,0,0,0,0,0,0,1.62219505,-4.29,953,0.435644,0,0,0,0,5,0,0,0,0,0,0,0,1,0,1,0,0,0,164,0.000522754,0.0003201,0,0,0,1,0,0,1
CR013837,chr5,112180071,112180070,0,0,0,0,0,0,0,0,0,0,0,0,0,0,0,0,0,0,0,0,0,0,0,0,0,0,0,0,0,0,0,0,0,0,0,0,0,0,0,0,0,0,0,0,0,0,1,0,0,0,0,0,0,0,0,0,0,0,0,0,0,0,0,0,0,0,0,0,0,0,0,0,0,0,0,0,0,0,0,0,0,0,0,0,0,0,0,0,0,0,0,0,0,0,0,0,0,0,0,0,0,0,0,0,0,0,0,0,0,0,0,0,0,0,0,0,0,0,0,0,0,0,0,0,0,0,0,0,0,0,0,0,0,0,0,0,0,0,0,0,0,0,0,3.879420792,1.8,15538,0.316832,0,0,4,0,2,0,0,0,0,0,1,0,1,0,1,0,0,0,6821,0.000364754,0.0001987,0,1,0,0,0,0,1
CR013838,chr5,112073008,112073007,0,0,0,0,0,0,0,0,0,0,0,0,0,0,0,0,0,0,0,0,0,0,0,0,0,0,0,0,0,0,0,0,0,0,0,0,0,0,0,0,0,0,0,5,10,0,0,10,13,18,4,12,0,0,0,0,0,0,0,0,0,0,0,0,0,0,0,0,0,0,0,0,0,0,0,0,0,0,0,0,0,0,0,0,0,0,0,0,0,0,0,0,0,0,0,0,0,0,0,0,0,0,0,0,0,0,0,0,0,0,0,0,0,0,0,0,0,0,0,0,0,0,0,0,0,0,0,0,0,0,0,0,0,0,0,0,0,0,0,0,0,0,0,-0.610659,-2.49,-573,0.435644,0,0,0,2,0,0,0,0,0,0,1,0,0,0,0,0,0,0,-614,0.000353581,0.0001864,0,1,0,0,0,1,1
CR013839,chr11,113846006,113846005,0,0,0,0,0,0,0,0,0,0,0,0,0,0,6,0,3,0,0,1,0,0,0,0,0,0,0,0,0,5,0,0,0,0,0,0,0,0,0,0,0,0,0,0,1,6,0,3,2,4,0,1,0,0,0,0,0,0,0,0,0,0,0,0,0,0,0,0,0,0,0,2,0,0,0,0,0,0,0,0,0,0,0,0,0,0,0,0,0,0,0,0,0,0,0,0,0,0,0,0,0,0,0,0,0,0,0,0,0,0,0,0,0,0,0,0,0,0,0,2,0,0,0,0,0,0,0,0,2,0,0,0,0,1,0,0,0,0,1,0,0,0,0,-0.368661386,2.75,-1,0.623762,0,1,4,0,0,1,0,0,0,1,0,0,0,0,1,0,0,0,-108,0.000826137,0.0004927,0,0,0,0,1,0,1
CR013840,chrX,591568,591567,0,0,0,0,0,0,0,0,0,0,0,0,0,0,0,0,0,0,0,0,0,0,0,0,0,0,0,0,0,0,0,0,0,0,0,0,0,0,0,0,0,0,0,0,0,9,0,1,1,6,0,1,0,0,0,0,0,0,0,0,0,0,0,0,0,0,0,0,0,0,0,0,0,0,0,0,0,0,0,0,0,0,0,0,0,0,0,0,0,0,0,0,0,0,0,0,0,0,0,0,0,0,0,0,0,0,0,0,0,0,0,0,0,0,0,0,0,0,1,0,0,0,0,0,0,0,0,0,0,0,0,0,0,0,0,0,0,0,0,0,0,0,1,0.408974257,2.38,25,0.712871,0,1,4,0,0,0,0,0,0,1,0,0,0,0,1,0,0,0,-341,0.000493384,0.0002855,0,0,1,0,0,0,1
CR013972,chr11,102401633,102401632,0,0,0,0,0,0,0,0,0,0,0,0,0,0,0,0,5,0,0,0,0,0,0,0,0,0,0,0,0,2,0,1,0,0,0,0,0,0,0,0,0,0,0,1,2,0,0,2,5,10,0,1,0,0,0,0,0,0,0,0,0,0,0,0,0,1,0,0,0,0,0,0,0,0,0,0,0,0,0,0,0,0,0,0,0,0,0,0,0,0,0,0,0,0,0,0,0,0,0,0,0,0,0,0,0,0,0,0,0,0,0,0,0,0,0,0,0,0,0,0,0,0,1,0,0,0,0,0,0,0,0,0,0,0,0,0,0,0,0,0,0,0,0,1.404216832,-6.39,-148,0.287129,0,1,2,0,0,0,0,6,0,0,0,0,0,0,0,0,0,0,309,0.000607706,0.0004147,1,0,0,1,0,0,1
CR013973,chr11,102401661,102401660,0,0,0,0,0,0,0,0,0,0,0,0,0,0,0,0,4,0,0,0,0,0,0,0,0,0,0,0,0,1,0,1,0,0,0,0,0,0,0,0,0,0,0,1,2,0,0,2,5,10,0,1,0,0,0,0,0,0,0,0,0,0,0,0,0,1,0,0,0,0,0,0,0,0,0,0,0,0,0,0,0,0,0,0,0,0,0,0,0,0,0,0,0,0,0,0,0,0,0,0,0,0,0,0,0,0,0,0,0,0,0,0,0,0,0,0,0,0,0,0,0,0,1,0,0,0,0,0,0,0,0,0,0,0,0,0,0,0,0,0,0,0,0,0.971088119,3.18,-176,0.346535,0,1,2,0,0,0,0,3,1,0,0,0,0,0,0,0,0,0,337,0.000600333,0.000411,0,0,0,0,1,0,1
CR014136,chr22,24236392,24236391,0,0,0,0,1,0,0,0,0,0,1,0,0,1,40,1,28,1,0,0,0,1,2,0,1,0,0,0,0,12,0,0,0,0,0,0,1,0,0,0,0,0,0,6,13,1,0,9,13,14,4,12,0,0,0,0,0,0,1,0,0,0,1,0,0,0,0,0,0,0,0,0,0,0,0,0,0,0,0,0,0,0,0,0,0,0,0,5,0,0,1,0,0,0,5,0,0,0,0,0,0,0,0,1,0,0,0,0,2,0,0,2,0,0,0,1,0,0,0,0,0,0,1,0,0,1,1,0,1,0,0,0,0,2,0,1,0,1,0,0,0,0,1,-1.647399604,-1.37,200,0.683168,0,0,0,0,0,6,0,20,0,1,1,0,0,0,1,0,0,0,-377,0.000891179,0.0016046,0,0,0,1,0,0,1
CR014137,chr11,18287798,18287797,0,0,0,0,0,0,0,0,0,0,0,0,0,0,0,0,0,0,0,0,0,0,0,0,0,0,0,0,0,1,0,0,0,0,0,0,0,0,0,0,0,0,0,0,0,2,0,3,1,2,0,0,0,0,0,0,0,0,0,0,0,0,0,0,0,0,0,0,0,0,0,0,0,0,0,0,0,0,0,0,0,0,0,0,0,0,0,2,0,0,0,0,0,0,0,0,0,0,0,0,0,0,0,0,0,0,0,0,0,0,0,0,0,0,0,0,0,0,0,0,0,0,0,0,0,0,0,0,0,0,0,0,0,0,0,0,0,0,0,0,0,0,0,-0.087880198,-2.82,-8,0.594059,0,0,4,0,0,0,0,3,0,1,0,0,0,0,1,0,0,0,-45,0.000958905,0.0006167,0,0,1,0,0,0,1
CR014259,chr4,155513028,155513027,0,0,0,0,0,0,0,0,0,0,0,0,0,0,0,0,0,0,0,0,0,0,0,0,0,0,0,0,0,0,0,0,0,0,0,0,0,0,0,0,0,0,0,0,1,0,0,0,1,0,0,0,0,0,0,0,0,0,0,0,0,0,0,0,0,0,0,0,0,0,0,0,0,0,0,0,0,0,0,0,0,0,0,0,0,0,0,0,0,0,0,0,0,0,0,0,0,0,0,0,0,0,0,0,0,0,0,0,0,0,0,0,0,0,0,0,0,0,0,0,0,0,0,0,0,0,0,0,0,0,0,0,0,0,0,0,0,0,0,0,0,0,0,0.116405941,-0.47,-1109,0.564356,0,0,4,0,1,0,0,0,0,0,0,0,0,0,0,0,0,0,1242,0.000690781,0.0015561,0,0,0,1,0,1,1
CR014260,chr11,5246718,5246717,0,0,0,0,0,0,0,0,0,0,0,0,0,0,0,0,0,0,0,0,0,0,0,0,0,0,0,0,0,0,0,0,0,0,0,0,0,0,0,0,0,0,0,1,1,0,0,2,1,1,0,2,0,0,0,0,0,0,0,0,0,0,0,0,0,0,0,0,0,0,0,0,0,0,0,0,0,0,0,0,0,0,0,0,0,0,0,5,0,0,0,0,0,0,0,0,0,0,0,0,0,0,0,0,0,0,0,0,0,0,0,0,0,0,0,0,0,0,0,0,0,0,0,0,0,0,0,0,0,0,0,0,0,0,0,0,0,0,0,0,0,0,0,-0.426468317,3.93,-848,0.306931,0,0,5,0,0,0,0,0,0,0,0,0,1,0,1,0,0,0,-238,0.001502701,0.0019776,0,1,0,0,0,0,1
CR014433,chr16,67517754,67517753,0,0,0,0,0,0,0,0,0,0,0,0,0,0,0,0,0,0,0,0,0,0,0,0,0,0,0,0,0,0,0,0,0,0,0,0,0,0,0,0,0,0,0,0,1,1,4,2,2,2,2,4,0,0,0,0,0,0,0,0,0,0,0,0,0,0,0,0,0,0,0,0,0,0,0,0,0,0,0,0,0,0,0,0,0,0,0,0,0,0,0,0,0,0,0,0,0,0,0,0,0,0,0,0,0,0,0,0,0,0,0,0,0,0,0,0,0,0,0,0,0,0,0,0,0,0,0,0,0,0,0,0,0,0,0,0,0,0,0,0,0,0,0,1.69370396,-4.83,-37,0.504951,0,0,1,0,4,0,0,0,0,0,0,0,0,0,0,0,0,0,334,0.000176991,9.50E-05,1,0,0,1,0,0,1
CR014434,chr11,27721735,27721734,0,0,0,0,0,0,0,0,0,0,0,0,0,0,0,0,5,0,0,0,0,0,0,0,0,0,0,0,0,1,0,0,0,0,0,0,0,0,0,0,0,0,0,4,6,14,0,3,12,20,0,9,0,0,0,0,0,0,0,0,0,0,0,0,0,0,0,0,0,0,0,0,0,0,0,0,0,0,0,0,0,0,0,0,0,0,0,0,0,0,0,0,0,0,0,0,0,0,0,0,0,0,0,0,0,0,0,0,0,0,0,0,0,0,0,0,0,0,0,0,0,0,0,0,0,0,0,0,0,0,0,0,0,0,0,0,0,0,0,0,0,0,1,2.364742574,4.79,299,0.663366,0,3,1,0,0,1,0,0,0,1,1,0,0,0,1,0,0,0,6,0.00028636,0.0001486,0,0,0,1,0,0,1
CR014435,chr2,204732347,204732346,0,0,0,0,0,0,0,0,0,0,0,0,0,0,0,0,1,0,0,0,0,0,0,0,0,0,0,0,0,0,0,0,0,0,0,0,0,0,0,0,0,0,0,0,0,6,0,0,0,0,0,0,0,0,0,0,0,0,0,0,0,0,0,0,0,0,0,0,0,0,0,0,0,0,0,0,0,0,0,0,0,0,0,0,0,0,0,0,0,0,0,0,0,0,0,0,0,0,0,0,0,0,0,0,0,0,0,0,0,0,0,0,0,0,0,0,0,0,0,0,0,0,0,0,0,0,0,0,0,0,0,0,0,0,0,0,0,0,0,0,0,0,0,3.699416832,1.99,-161,0.386139,0,0,6,0,0,0,0,0,0,0,0,0,0,0,0,0,0,0,-427,0.000768366,0.0005941,0,0,1,0,0,0,1
CR014436,chr1,206946862,206946861,0,0,0,0,0,0,0,0,0,0,0,0,0,0,0,0,0,0,0,0,0,0,0,0,0,0,0,0,0,0,0,0,0,0,0,0,0,0,0,0,0,0,0,1,1,11,0,1,1,2,1,1,0,0,0,0,0,0,0,0,0,0,0,0,0,0,0,0,0,0,0,0,0,0,0,0,0,0,0,0,0,0,0,0,0,0,0,0,0,0,0,0,0,0,0,0,0,0,0,0,0,0,0,0,0,0,0,0,0,0,0,0,0,0,0,0,0,0,0,0,0,0,0,0,0,0,0,0,0,0,0,0,0,0,0,0,0,0,0,0,0,0,0,-0.76770198,-2.25,-1022,0.455446,0,0,5,0,0,0,0,0,0,0,0,0,0,0,0,0,0,0,1246,0.001900793,0.0014733,0,0,0,0,1,0,1